feedback_id,text,date,source,product,category,rating
FB00371,Disappointed with the build quality. Expected much better.,2025-08-14 16:27:19,Website Review,Bluetooth Speaker,User Experience,2
FB00422,Very unhappy with this purchase. Total disappointment.,2025-08-14 16:49:19,Mobile App,Wireless Headphones,Product Quality,1
FB00254,Love this product! It has made my life so much easier. The performance is particularly impressive.,2025-08-14 17:01:19,Twitter,Bluetooth Speaker,Product Quality,4
FB00431,Fair quality. It meets basic expectations but nothing more.,2025-08-14 20:32:19,Twitter,Bluetooth Speaker,User Experience,3
FB00054,Great value for money. The features are impressive and easy to use.,2025-08-14 22:53:19,Mobile App,Wireless Headphones,Delivery,5
FB00247,Really impressed with the durability and design. Worth every penny.,2025-08-14 23:45:19,Facebook,Laptop Pro 15,Delivery,4
FB00135,Best purchase I've made this year. Highly recommend to everyone!,2025-08-15 00:58:19,Email,Gaming Console,User Experience,5
FB00305,Terrible! It broke within the first month of use. The support is really disappointing.,2025-08-15 02:56:19,Website Review,Tablet Ultra,Delivery,2
FB00407,Poor design and functionality. Very frustrating to use.,2025-08-15 07:30:19,Twitter,Fitness Tracker,User Experience,1
FB00308,Waste of money. The product quality is subpar. The value is really disappointing.,2025-08-15 08:00:19,Twitter,Smartphone X1,Electronics,1
FB00019,Best purchase I've made this year. Highly recommend to everyone! The design is particularly impressive.,2025-08-15 12:25:19,Mobile App,Wireless Headphones,User Experience,5
FB00012,Exceptional value and quality. Highly recommended!,2025-08-15 13:07:19,Twitter,Wireless Headphones,Electronics,5
FB00127,Really impressed with the durability and design. Worth every penny.,2025-08-15 21:24:19,Facebook,Laptop Pro 15,Delivery,4
FB00157,Exceptional value and quality. Highly recommended!,2025-08-16 10:20:19,Mobile App,Gaming Console,Product Quality,5
FB00320,Disappointed with the build quality. Expected much better. The value is really disappointing.,2025-08-16 10:51:19,Mobile App,4K TV,Electronics,2
FB00085,Superb product! My whole family loves it. Thank you! The quality is particularly impressive.,2025-08-16 11:50:19,Website Review,Laptop Pro 15,Customer Service,5
FB00174,Phenomenal experience from start to finish. Will definitely buy again. The features is particularly impressive.,2025-08-16 19:59:19,Twitter,Smartphone X1,User Experience,4
FB00356,Product broke after just one week. Complete waste of money.,2025-08-17 03:19:19,Email,4K TV,Delivery,1
FB00306,The product is unreliable and customer support is terrible.,2025-08-17 07:13:19,Survey,Fitness Tracker,User Experience,2
FB00206,Phenomenal experience from start to finish. Will definitely buy again.,2025-08-17 19:15:19,Mobile App,Bluetooth Speaker,Electronics,4
FB00230,Fantastic! The user interface is intuitive and the performance is great.,2025-08-17 19:42:19,Facebook,Wireless Headphones,Electronics,5
FB00237,Best in class! This product is simply outstanding.,2025-08-17 20:52:19,Mobile App,Laptop Pro 15,Customer Service,5
FB00033,Phenomenal experience from start to finish. Will definitely buy again.,2025-08-18 02:43:19,Website Review,Smart Watch,Electronics,5
FB00107,Exceptional value and quality. Highly recommended! The design is particularly impressive.,2025-08-18 03:32:19,Email,4K TV,User Experience,5
FB00361,Unacceptable quality. The product feels like a cheap knockoff. The quality is really disappointing.,2025-08-18 09:25:19,Mobile App,Smartphone X1,Product Quality,1
FB00229,Best in class! This product is simply outstanding. The performance is particularly impressive.,2025-08-18 12:12:19,Email,4K TV,Electronics,5
FB00234,Incredible! This has transformed my daily routine completely. The features is particularly impressive.,2025-08-19 02:16:19,Website Review,Smart Watch,User Experience,4
FB00190,Brilliant purchase. The attention to detail is remarkable. The design is particularly impressive.,2025-08-19 05:23:19,Twitter,Gaming Console,Product Quality,4
FB00046,Absolutely delighted with this product. Exceeded all my expectations.,2025-08-19 06:00:19,Survey,Smart Watch,Electronics,4
FB00196,Fantastic! The user interface is intuitive and the performance is great.,2025-08-19 06:58:19,Email,Gaming Console,Customer Service,4
FB00075,Really impressed with the durability and design. Worth every penny.,2025-08-19 07:21:19,Twitter,Gaming Console,Delivery,5
FB00313,Poor design and functionality. Very frustrating to use. The value is really disappointing.,2025-08-19 14:10:19,Website Review,Laptop Pro 15,Electronics,2
FB00013,Wonderful experience! The product arrived on time and works great.,2025-08-19 17:05:19,Twitter,Laptop Pro 15,User Experience,4
FB00066,Outstanding quality and fast delivery. Very satisfied with my purchase.,2025-08-19 18:34:19,Email,Tablet Ultra,Product Quality,4
FB00343,Awful! The product stopped working after a few days. The quality is really disappointing.,2025-08-19 19:37:19,Twitter,Laptop Pro 15,Customer Service,1
FB00250,The product works perfectly. Exactly what I was looking for. The features is particularly impressive.,2025-08-19 19:50:19,Survey,Fitness Tracker,Electronics,5
FB00105,Best purchase I've made this year. Highly recommend to everyone!,2025-08-19 21:29:19,Email,Bluetooth Speaker,Electronics,5
FB00290,Top-notch quality and excellent customer support throughout. The quality is particularly impressive.,2025-08-19 23:41:19,Website Review,Laptop Pro 15,Electronics,4
FB00303,The product is unreliable and customer support is terrible.,2025-08-20 06:48:19,Mobile App,4K TV,Customer Service,1
FB00197,Incredible! This has transformed my daily routine completely.,2025-08-20 10:35:19,Website Review,Bluetooth Speaker,Product Quality,4
FB00334,Cheap materials and poor construction. Not recommended. The durability is really disappointing.,2025-08-20 11:17:19,Twitter,Laptop Pro 15,Customer Service,1
FB00428,Fair performance. It does what it claims but feels average.,2025-08-20 18:18:19,Survey,Smartphone X1,Customer Service,3
FB00337,Very disappointed with the quality. Not worth the price at all.,2025-08-20 21:36:19,Website Review,Tablet Ultra,Delivery,1
FB00004,Amazing customer service. The team was very helpful and responsive. The features is particularly impressive.,2025-08-21 05:32:19,Email,Wireless Headphones,Product Quality,4
FB00338,Poor design and functionality. Very frustrating to use. The durability is really disappointing.,2025-08-21 05:59:19,Twitter,Smart Watch,Product Quality,2
FB00376,Very poor customer service experience. Nobody seems to care.,2025-08-21 12:54:19,Facebook,Wireless Headphones,Product Quality,2
FB00456,"Mixed feelings about this purchase. Some good, some bad aspects.",2025-08-21 18:22:19,Mobile App,Wireless Headphones,User Experience,3
FB00089,Outstanding quality and fast delivery. Very satisfied with my purchase.,2025-08-21 19:30:19,Website Review,4K TV,Electronics,4
FB00145,Brilliant purchase. The attention to detail is remarkable.,2025-08-22 11:58:19,Mobile App,Laptop Pro 15,Product Quality,4
FB00282,Really impressed with the durability and design. Worth every penny. The design is particularly impressive.,2025-08-22 13:41:19,Mobile App,4K TV,Electronics,5
FB00319,Bad experience overall. Would like a refund.,2025-08-22 18:31:19,Email,Smartphone X1,Product Quality,1
FB00443,"It's an okay product. Some features are good, others need work.",2025-08-22 18:33:19,Facebook,Gaming Console,Product Quality,3
FB00483,"Standard quality. Nothing to complain about, nothing to praise.",2025-08-22 19:19:19,Email,Tablet Ultra,Product Quality,3
FB00256,Incredible! This has transformed my daily routine completely.,2025-08-22 20:42:19,Mobile App,Wireless Headphones,Electronics,4
FB00324,Cheap materials and poor construction. Not recommended.,2025-08-22 20:49:19,Survey,Tablet Ultra,Delivery,2
FB00009,Love this product! It has made my life so much easier.,2025-08-23 05:11:19,Email,Tablet Ultra,Delivery,5
FB00246,Great value for money. The features are impressive and easy to use.,2025-08-23 06:26:19,Mobile App,Laptop Pro 15,Product Quality,5
FB00183,Fantastic! The user interface is intuitive and the performance is great. The features is particularly impressive.,2025-08-23 10:12:19,Facebook,Smart Watch,Electronics,4
FB00412,Terrible! It broke within the first month of use. The support is really disappointing.,2025-08-23 10:35:19,Twitter,Smartphone X1,Delivery,2
FB00243,Great value for money. The features are impressive and easy to use. The features is particularly impressive.,2025-08-23 12:20:19,Website Review,Smartphone X1,User Experience,4
FB00322,Very disappointed with the quality. Not worth the price at all.,2025-08-23 15:30:19,Website Review,4K TV,Delivery,2
FB00328,Disappointed with the build quality. Expected much better. The value is really disappointing.,2025-08-23 16:00:19,Twitter,Digital Camera,User Experience,1
FB00383,Poor quality materials. Feels cheap and flimsy.,2025-08-23 21:48:19,Facebook,Laptop Pro 15,Customer Service,1
FB00108,Excellent product! Exceeded my expectations. The quality is outstanding.,2025-08-24 08:17:19,Survey,4K TV,Customer Service,5
FB00271,Great value for money. The features are impressive and easy to use. The performance is particularly impressive.,2025-08-24 13:46:19,Facebook,Wireless Headphones,Delivery,5
FB00432,The product is fine for basic use. Nothing extraordinary.,2025-08-25 02:39:19,Survey,Laptop Pro 15,Delivery,3
FB00123,Five stars! Professional service and excellent product quality.,2025-08-25 08:39:19,Website Review,Wireless Headphones,User Experience,5
FB00134,Great value for money. The features are impressive and easy to use. The performance is particularly impressive.,2025-08-25 11:54:19,Twitter,Smart Watch,Product Quality,5
FB00241,Great value for money. The features are impressive and easy to use. The quality is particularly impressive.,2025-08-25 17:29:19,Website Review,Tablet Ultra,Customer Service,5
FB00143,Phenomenal experience from start to finish. Will definitely buy again. The features is particularly impressive.,2025-08-26 03:13:19,Survey,Digital Camera,Electronics,5
FB00293,Phenomenal experience from start to finish. Will definitely buy again.,2025-08-26 03:17:19,Email,Tablet Ultra,Electronics,4
FB00439,Fair performance. It does what it claims but feels average.,2025-08-26 12:03:19,Email,Wireless Headphones,Delivery,3
FB00336,Cheap materials and poor construction. Not recommended. The support is really disappointing.,2025-08-26 16:41:19,Email,Gaming Console,Customer Service,2
FB00470,"Mixed feelings about this purchase. Some good, some bad aspects.",2025-08-26 17:29:19,Survey,Fitness Tracker,Customer Service,3
FB00307,Terrible! It broke within the first month of use.,2025-08-26 23:21:19,Survey,Wireless Headphones,Electronics,2
FB00210,Best in class! This product is simply outstanding. The performance is particularly impressive.,2025-08-27 00:17:19,Facebook,Digital Camera,Customer Service,5
FB00351,Bad experience overall. Would like a refund. The quality is really disappointing.,2025-08-27 01:52:19,Website Review,Digital Camera,Electronics,2
FB00273,Exceptional value and quality. Highly recommended!,2025-08-27 03:37:19,Twitter,Smartphone X1,Product Quality,4
FB00218,Five stars! Professional service and excellent product quality.,2025-08-27 20:21:19,Twitter,Laptop Pro 15,Electronics,4
FB00060,Perfect for my needs. I couldn't be happier with this purchase.,2025-08-27 21:26:19,Twitter,Tablet Ultra,Product Quality,5
FB00002,Phenomenal experience from start to finish. Will definitely buy again.,2025-08-28 00:50:19,Facebook,Gaming Console,Electronics,5
FB00113,Incredible! This has transformed my daily routine completely. The design is particularly impressive.,2025-08-28 01:02:19,Website Review,4K TV,Electronics,4
FB00166,Fantastic! The user interface is intuitive and the performance is great.,2025-08-28 09:18:19,Twitter,Gaming Console,Customer Service,5
FB00418,Terrible! It broke within the first month of use. The durability is really disappointing.,2025-08-28 11:11:19,Email,Wireless Headphones,Product Quality,1
FB00139,Great value for money. The features are impressive and easy to use. The quality is particularly impressive.,2025-08-28 13:35:19,Mobile App,Smartphone X1,Product Quality,4
FB00420,Disappointed with the build quality. Expected much better.,2025-08-28 18:18:19,Twitter,Laptop Pro 15,Product Quality,2
FB00137,Exceptional value and quality. Highly recommended!,2025-08-28 23:02:19,Website Review,Smartphone X1,Customer Service,5
FB00236,Brilliant purchase. The attention to detail is remarkable.,2025-08-29 00:32:19,Website Review,Wireless Headphones,Electronics,4
FB00065,Love this product! It has made my life so much easier.,2025-08-29 04:31:19,Facebook,Smart Watch,Electronics,4
FB00274,Amazing customer service. The team was very helpful and responsive.,2025-08-29 10:42:19,Website Review,Wireless Headphones,User Experience,4
FB00479,It's a decent option. Not the best but not the worst either.,2025-08-29 10:54:19,Survey,Bluetooth Speaker,Electronics,3
FB00029,Top-notch quality and excellent customer support throughout.,2025-08-30 04:29:19,Website Review,Fitness Tracker,Customer Service,4
FB00347,Poor quality materials. Feels cheap and flimsy.,2025-08-30 06:53:19,Email,Fitness Tracker,Product Quality,1
FB00155,Brilliant purchase. The attention to detail is remarkable. The design is particularly impressive.,2025-08-31 02:38:19,Facebook,Bluetooth Speaker,Product Quality,4
FB00387,Very poor customer service experience. Nobody seems to care.,2025-08-31 11:06:19,Survey,Wireless Headphones,User Experience,1
FB00448,It's a decent option. Not the best but not the worst either.,2025-08-31 11:39:19,Twitter,Smartphone X1,User Experience,3
FB00375,Terrible! It broke within the first month of use. The quality is really disappointing.,2025-08-31 14:37:19,Twitter,Laptop Pro 15,User Experience,2
FB00202,Fantastic! The user interface is intuitive and the performance is great.,2025-08-31 14:51:19,Website Review,Smart Watch,Customer Service,4
FB00110,Really impressed with the durability and design. Worth every penny. The quality is particularly impressive.,2025-08-31 15:14:19,Twitter,Digital Camera,Product Quality,4
FB00365,Bad experience overall. Would like a refund.,2025-08-31 15:49:19,Email,Smart Watch,Product Quality,2
FB00160,Superb product! My whole family loves it. Thank you!,2025-08-31 20:22:19,Email,Smartphone X1,Delivery,5
FB00268,Absolutely delighted with this product. Exceeded all my expectations. The performance is particularly impressive.,2025-09-01 00:53:19,Twitter,Digital Camera,User Experience,4
FB00355,The product is unreliable and customer support is terrible. The value is really disappointing.,2025-09-01 01:31:19,Twitter,Wireless Headphones,Product Quality,1
FB00283,Excellent product! Exceeded my expectations. The quality is outstanding. The performance is particularly impressive.,2025-09-01 06:21:19,Twitter,Tablet Ultra,Electronics,5
FB00153,Excellent product! Exceeded my expectations. The quality is outstanding. The performance is particularly impressive.,2025-09-01 07:45:19,Mobile App,Wireless Headphones,Product Quality,4
FB00326,Poor quality materials. Feels cheap and flimsy.,2025-09-01 18:45:19,Twitter,Laptop Pro 15,Customer Service,2
FB00348,Not as described. The features don't work properly.,2025-09-01 20:04:19,Email,Laptop Pro 15,Delivery,1
FB00286,Fantastic! The user interface is intuitive and the performance is great.,2025-09-01 23:41:19,Facebook,Smartphone X1,Product Quality,5
FB00335,Terrible! It broke within the first month of use. The quality is really disappointing.,2025-09-02 01:27:19,Website Review,Digital Camera,Electronics,2
FB00435,Average customer service. Got the job done eventually.,2025-09-02 01:53:19,Website Review,Fitness Tracker,User Experience,3
FB00481,"Mixed feelings about this purchase. Some good, some bad aspects.",2025-09-02 02:17:19,Survey,Smart Watch,Delivery,3
FB00415,Unacceptable quality. The product feels like a cheap knockoff. The quality is really disappointing.,2025-09-02 03:59:19,Email,Smartphone X1,Customer Service,2
FB00297,Amazing customer service. The team was very helpful and responsive. The design is particularly impressive.,2025-09-02 05:02:19,Mobile App,Fitness Tracker,Customer Service,5
FB00392,Product arrived damaged and customer service was unresponsive.,2025-09-02 13:54:19,Facebook,4K TV,Delivery,2
FB00287,Best purchase I've made this year. Highly recommend to everyone!,2025-09-02 15:19:19,Website Review,Smart Watch,Electronics,4
FB00096,Really impressed with the durability and design. Worth every penny.,2025-09-02 18:22:19,Facebook,Tablet Ultra,Customer Service,4
FB00441,The product is okay. Nothing special but does the job.,2025-09-02 18:44:19,Survey,Fitness Tracker,Delivery,3
FB00151,Exceptional value and quality. Highly recommended! The quality is particularly impressive.,2025-09-02 22:46:19,Website Review,Digital Camera,Delivery,5
FB00309,Unacceptable quality. The product feels like a cheap knockoff.,2025-09-03 03:22:19,Facebook,Fitness Tracker,Delivery,2
FB00045,Best in class! This product is simply outstanding.,2025-09-03 15:36:19,Email,Tablet Ultra,User Experience,5
FB00182,Best purchase I've made this year. Highly recommend to everyone!,2025-09-03 16:17:19,Twitter,Tablet Ultra,Customer Service,4
FB00100,Perfect for my needs. I couldn't be happier with this purchase. The design is particularly impressive.,2025-09-04 04:27:19,Website Review,Wireless Headphones,Delivery,4
FB00212,Excellent product! Exceeded my expectations. The quality is outstanding. The performance is particularly impressive.,2025-09-04 05:18:19,Email,Laptop Pro 15,Electronics,4
FB00140,Excellent product! Exceeded my expectations. The quality is outstanding.,2025-09-04 08:23:19,Email,Tablet Ultra,Delivery,5
FB00423,Cheap materials and poor construction. Not recommended.,2025-09-04 08:44:19,Email,Laptop Pro 15,Delivery,2
FB00001,Really impressed with the durability and design. Worth every penny.,2025-09-04 22:52:19,Survey,Tablet Ultra,Customer Service,5
FB00059,Best in class! This product is simply outstanding.,2025-09-05 09:07:19,Website Review,4K TV,Product Quality,4
FB00240,Perfect for my needs. I couldn't be happier with this purchase.,2025-09-05 13:46:19,Survey,Wireless Headphones,Product Quality,4
FB00228,Brilliant purchase. The attention to detail is remarkable.,2025-09-05 19:01:19,Facebook,Fitness Tracker,Delivery,5
FB00200,Absolutely delighted with this product. Exceeded all my expectations.,2025-09-05 23:47:19,Mobile App,Smart Watch,Customer Service,4
FB00239,Best in class! This product is simply outstanding.,2025-09-06 00:36:19,Mobile App,4K TV,Delivery,5
FB00073,Top-notch quality and excellent customer support throughout.,2025-09-06 05:40:19,Website Review,Tablet Ultra,Electronics,4
FB00495,"It's an okay product. Some features are good, others need work.",2025-09-06 08:46:19,Website Review,Tablet Ultra,User Experience,3
FB00194,Excellent product! Exceeded my expectations. The quality is outstanding. The design is particularly impressive.,2025-09-06 21:43:19,Mobile App,Smart Watch,Customer Service,4
FB00434,The product is okay. Nothing special but does the job.,2025-09-06 21:59:19,Twitter,4K TV,User Experience,3
FB00471,It's alright. Not great but not terrible either.,2025-09-07 01:03:19,Facebook,Wireless Headphones,Delivery,3
FB00242,Five stars! Professional service and excellent product quality.,2025-09-07 01:47:19,Twitter,Smart Watch,User Experience,4
FB00079,Wonderful experience! The product arrived on time and works great. The performance is particularly impressive.,2025-09-07 05:19:19,Email,Wireless Headphones,Electronics,5
FB00269,Top-notch quality and excellent customer support throughout.,2025-09-07 10:22:19,Survey,Wireless Headphones,Customer Service,4
FB00022,Exceptional value and quality. Highly recommended!,2025-09-07 14:00:19,Twitter,Fitness Tracker,Customer Service,4
FB00315,Horrible experience. The product doesn't work as advertised. The value is really disappointing.,2025-09-07 14:04:19,Website Review,Bluetooth Speaker,User Experience,2
FB00115,Great value for money. The features are impressive and easy to use.,2025-09-08 02:15:19,Survey,Wireless Headphones,Customer Service,4
FB00364,The product is unreliable and customer support is terrible.,2025-09-08 11:29:19,Facebook,Bluetooth Speaker,Customer Service,1
FB00080,Best in class! This product is simply outstanding. The performance is particularly impressive.,2025-09-08 14:21:19,Twitter,Wireless Headphones,User Experience,4
FB00417,Awful! The product stopped working after a few days.,2025-09-08 23:22:19,Survey,Gaming Console,Product Quality,2
FB00201,Outstanding quality and fast delivery. Very satisfied with my purchase.,2025-09-09 03:23:19,Email,Gaming Console,Customer Service,4
FB00277,Love this product! It has made my life so much easier.,2025-09-09 03:44:19,Survey,Smart Watch,Customer Service,5
FB00024,Absolutely delighted with this product. Exceeded all my expectations. The features is particularly impressive.,2025-09-09 05:39:19,Facebook,Smartphone X1,Electronics,4
FB00097,Outstanding quality and fast delivery. Very satisfied with my purchase.,2025-09-09 10:53:19,Twitter,Laptop Pro 15,Customer Service,4
FB00491,Fair quality. It meets basic expectations but nothing more.,2025-09-09 18:06:19,Survey,Smart Watch,Customer Service,3
FB00223,Five stars! Professional service and excellent product quality.,2025-09-10 00:50:19,Twitter,Bluetooth Speaker,Electronics,4
FB00173,Wonderful experience! The product arrived on time and works great. The performance is particularly impressive.,2025-09-10 03:05:19,Twitter,Gaming Console,Product Quality,5
FB00402,Cheap materials and poor construction. Not recommended.,2025-09-10 04:13:19,Twitter,Smart Watch,Product Quality,2
FB00473,Average overall. The product works but isn't exceptional.,2025-09-10 05:20:19,Website Review,Smartphone X1,Electronics,3
FB00304,The product is unreliable and customer support is terrible.,2025-09-10 07:54:19,Twitter,Tablet Ultra,Delivery,2
FB00035,Best purchase I've made this year. Highly recommend to everyone! The design is particularly impressive.,2025-09-10 08:53:19,Website Review,Bluetooth Speaker,Delivery,4
FB00052,Amazing customer service. The team was very helpful and responsive.,2025-09-10 14:29:19,Survey,Wireless Headphones,User Experience,4
FB00291,Perfect for my needs. I couldn't be happier with this purchase. The design is particularly impressive.,2025-09-11 00:51:19,Email,Fitness Tracker,Electronics,4
FB00087,Love this product! It has made my life so much easier.,2025-09-11 02:11:19,Mobile App,Fitness Tracker,User Experience,4
FB00149,Five stars! Professional service and excellent product quality. The quality is particularly impressive.,2025-09-11 18:22:19,Survey,Gaming Console,User Experience,4
FB00111,Best purchase I've made this year. Highly recommend to everyone! The design is particularly impressive.,2025-09-12 00:04:19,Twitter,Smart Watch,User Experience,4
FB00114,Phenomenal experience from start to finish. Will definitely buy again.,2025-09-12 01:32:19,Twitter,Bluetooth Speaker,Delivery,4
FB00259,Five stars! Professional service and excellent product quality. The features is particularly impressive.,2025-09-12 06:04:19,Twitter,4K TV,User Experience,4
FB00403,Completely dissatisfied. The product is defective and support is unhelpful. The quality is really disappointing.,2025-09-12 06:51:19,Facebook,Tablet Ultra,Product Quality,2
FB00161,Love this product! It has made my life so much easier.,2025-09-12 12:27:19,Website Review,Smart Watch,User Experience,4
FB00222,Fantastic! The user interface is intuitive and the performance is great.,2025-09-12 14:19:19,Twitter,Bluetooth Speaker,Product Quality,4
FB00349,Disappointed with the build quality. Expected much better.,2025-09-12 16:00:19,Website Review,Smartphone X1,Product Quality,1
FB00264,Perfect for my needs. I couldn't be happier with this purchase.,2025-09-12 20:14:19,Website Review,Bluetooth Speaker,Customer Service,5
FB00354,The product is unreliable and customer support is terrible. The value is really disappointing.,2025-09-13 00:55:19,Mobile App,4K TV,Electronics,1
FB00091,Best purchase I've made this year. Highly recommend to everyone!,2025-09-13 02:09:19,Facebook,Bluetooth Speaker,Electronics,5
FB00132,Love this product! It has made my life so much easier.,2025-09-13 03:56:19,Mobile App,Fitness Tracker,Electronics,5
FB00266,Five stars! Professional service and excellent product quality.,2025-09-13 06:14:19,Mobile App,Laptop Pro 15,Product Quality,5
FB00398,Very disappointed with the quality. Not worth the price at all. The quality is really disappointing.,2025-09-13 07:10:19,Mobile App,4K TV,Delivery,2
FB00225,Best in class! This product is simply outstanding.,2025-09-13 07:38:19,Facebook,Tablet Ultra,Product Quality,4
FB00386,Waste of money. The product quality is subpar.,2025-09-13 10:59:19,Facebook,Smartphone X1,Product Quality,2
FB00150,Superb product! My whole family loves it. Thank you!,2025-09-13 12:58:19,Facebook,Digital Camera,Customer Service,4
FB00284,Absolutely delighted with this product. Exceeded all my expectations.,2025-09-14 06:24:19,Facebook,Laptop Pro 15,Product Quality,5
FB00122,Best purchase I've made this year. Highly recommend to everyone!,2025-09-14 22:22:19,Facebook,Smart Watch,User Experience,5
FB00147,Five stars! Professional service and excellent product quality. The design is particularly impressive.,2025-09-14 22:28:19,Website Review,Tablet Ultra,Delivery,4
FB00301,Worst purchase ever. Would not recommend to anyone.,2025-09-15 00:24:19,Survey,Digital Camera,User Experience,2
FB00047,Really impressed with the durability and design. Worth every penny. The quality is particularly impressive.,2025-09-15 00:45:19,Email,Bluetooth Speaker,Electronics,4
FB00220,Really impressed with the durability and design. Worth every penny.,2025-09-15 01:18:19,Survey,Laptop Pro 15,Customer Service,5
FB00459,"It's an okay product. Some features are good, others need work.",2025-09-15 05:43:19,Survey,Smartphone X1,Customer Service,3
FB00175,Superb product! My whole family loves it. Thank you!,2025-09-15 08:25:19,Facebook,Wireless Headphones,Electronics,5
FB00458,Fair quality. It meets basic expectations but nothing more.,2025-09-15 16:57:19,Website Review,Smartphone X1,Product Quality,3
FB00057,Best in class! This product is simply outstanding.,2025-09-15 22:44:19,Twitter,Wireless Headphones,Product Quality,5
FB00433,The product is acceptable. Does what it's supposed to do.,2025-09-16 02:09:19,Email,Laptop Pro 15,Customer Service,3
FB00124,Perfect for my needs. I couldn't be happier with this purchase.,2025-09-16 08:51:19,Survey,Digital Camera,Delivery,5
FB00461,Average customer service. Got the job done eventually.,2025-09-16 15:03:19,Website Review,Tablet Ultra,Electronics,3
FB00078,Exceptional value and quality. Highly recommended!,2025-09-16 17:10:19,Website Review,Tablet Ultra,Customer Service,4
FB00249,Really impressed with the durability and design. Worth every penny.,2025-09-16 18:06:19,Twitter,Fitness Tracker,Product Quality,5
FB00295,Great value for money. The features are impressive and easy to use. The design is particularly impressive.,2025-09-16 18:43:19,Facebook,Bluetooth Speaker,Product Quality,4
FB00455,The product is fine for basic use. Nothing extraordinary.,2025-09-16 18:51:19,Twitter,4K TV,User Experience,3
FB00408,Unacceptable quality. The product feels like a cheap knockoff.,2025-09-17 15:44:19,Email,Digital Camera,Delivery,1
FB00244,Best in class! This product is simply outstanding.,2025-09-17 20:09:19,Survey,Bluetooth Speaker,Electronics,5
FB00267,Amazing customer service. The team was very helpful and responsive. The design is particularly impressive.,2025-09-18 03:07:19,Mobile App,Gaming Console,Delivery,4
FB00438,Fair quality. It meets basic expectations but nothing more.,2025-09-18 07:21:19,Twitter,Laptop Pro 15,User Experience,3
FB00131,Amazing customer service. The team was very helpful and responsive.,2025-09-18 08:53:19,Facebook,Smartphone X1,Electronics,4
FB00067,Exceptional value and quality. Highly recommended! The quality is particularly impressive.,2025-09-18 14:06:19,Facebook,4K TV,Customer Service,5
FB00189,Best in class! This product is simply outstanding.,2025-09-18 17:59:19,Facebook,4K TV,User Experience,4
FB00341,Poor quality materials. Feels cheap and flimsy.,2025-09-18 18:10:19,Survey,Fitness Tracker,Product Quality,2
FB00208,Top-notch quality and excellent customer support throughout.,2025-09-18 18:59:19,Twitter,Tablet Ultra,Customer Service,4
FB00077,Best purchase I've made this year. Highly recommend to everyone!,2025-09-18 21:30:19,Mobile App,Laptop Pro 15,Delivery,4
FB00038,Excellent product! Exceeded my expectations. The quality is outstanding.,2025-09-18 21:46:19,Mobile App,Smartphone X1,User Experience,5
FB00357,The product is unreliable and customer support is terrible.,2025-09-19 01:24:19,Facebook,Gaming Console,Delivery,2
FB00316,Product broke after just one week. Complete waste of money.,2025-09-19 06:39:19,Mobile App,Gaming Console,User Experience,2
FB00311,Completely dissatisfied. The product is defective and support is unhelpful.,2025-09-19 09:36:19,Facebook,Smartphone X1,User Experience,1
FB00053,Perfect for my needs. I couldn't be happier with this purchase. The design is particularly impressive.,2025-09-19 09:38:19,Twitter,Tablet Ultra,Customer Service,4
FB00430,Fair performance. It does what it claims but feels average.,2025-09-19 17:17:19,Website Review,Gaming Console,Delivery,3
FB00121,Superb product! My whole family loves it. Thank you!,2025-09-19 19:13:19,Website Review,Digital Camera,Customer Service,4
FB00330,Terrible customer service. Nobody responds to my queries. The durability is really disappointing.,2025-09-19 22:39:19,Twitter,Gaming Console,Electronics,2
FB00165,Amazing customer service. The team was very helpful and responsive.,2025-09-20 00:00:19,Email,Smart Watch,Electronics,5
FB00362,Worst purchase ever. Would not recommend to anyone.,2025-09-20 08:17:19,Survey,Smartphone X1,Product Quality,2
FB00358,Very unhappy with this purchase. Total disappointment.,2025-09-20 08:25:19,Survey,Digital Camera,Electronics,2
FB00125,Perfect for my needs. I couldn't be happier with this purchase.,2025-09-20 09:29:19,Mobile App,Fitness Tracker,Delivery,5
FB00391,Poor design and functionality. Very frustrating to use.,2025-09-20 17:35:19,Website Review,Laptop Pro 15,Customer Service,2
FB00450,Neither impressed nor disappointed. It's just okay.,2025-09-20 18:01:19,Twitter,Smartphone X1,Customer Service,3
FB00185,The product works perfectly. Exactly what I was looking for. The features is particularly impressive.,2025-09-21 10:56:19,Email,Bluetooth Speaker,Electronics,4
FB00217,Excellent product! Exceeded my expectations. The quality is outstanding.,2025-09-21 12:37:19,Twitter,Gaming Console,Delivery,5
FB00167,Wonderful experience! The product arrived on time and works great. The quality is particularly impressive.,2025-09-22 01:38:19,Facebook,Laptop Pro 15,User Experience,5
FB00457,The product is okay. Nothing special but does the job.,2025-09-22 03:38:19,Email,Digital Camera,Product Quality,3
FB00447,Average customer service. Got the job done eventually.,2025-09-22 13:06:19,Twitter,4K TV,Electronics,3
FB00488,The product is acceptable. Does what it's supposed to do.,2025-09-22 13:21:19,Website Review,Tablet Ultra,Product Quality,3
FB00394,Awful! The product stopped working after a few days. The durability is really disappointing.,2025-09-22 16:18:19,Twitter,Fitness Tracker,Electronics,2
FB00064,Brilliant purchase. The attention to detail is remarkable.,2025-09-22 18:25:19,Twitter,Smart Watch,Electronics,4
FB00302,Disappointed with the build quality. Expected much better. The value is really disappointing.,2025-09-22 18:30:19,Website Review,Digital Camera,Electronics,1
FB00492,Neutral experience overall. The product serves its purpose.,2025-09-22 19:17:19,Survey,Smartphone X1,Delivery,3
FB00260,Outstanding quality and fast delivery. Very satisfied with my purchase.,2025-09-22 19:34:19,Survey,Digital Camera,Product Quality,5
FB00081,Exceptional value and quality. Highly recommended!,2025-09-23 01:36:19,Twitter,Tablet Ultra,Electronics,4
FB00275,Five stars! Professional service and excellent product quality. The quality is particularly impressive.,2025-09-23 07:29:19,Website Review,4K TV,Customer Service,4
FB00378,Horrible experience. The product doesn't work as advertised.,2025-09-23 11:12:19,Facebook,Smartphone X1,User Experience,2
FB00497,Fair performance. It does what it claims but feels average.,2025-09-23 15:25:19,Facebook,Laptop Pro 15,Product Quality,3
FB00296,Great value for money. The features are impressive and easy to use. The features is particularly impressive.,2025-09-23 18:12:19,Twitter,Smartphone X1,User Experience,5
FB00092,Excellent product! Exceeded my expectations. The quality is outstanding. The design is particularly impressive.,2025-09-24 00:16:19,Website Review,Tablet Ultra,User Experience,4
FB00245,Phenomenal experience from start to finish. Will definitely buy again. The design is particularly impressive.,2025-09-24 03:53:19,Mobile App,Bluetooth Speaker,User Experience,5
FB00027,Superb product! My whole family loves it. Thank you! The design is particularly impressive.,2025-09-24 04:34:19,Website Review,Fitness Tracker,Electronics,4
FB00112,Phenomenal experience from start to finish. Will definitely buy again. The design is particularly impressive.,2025-09-24 06:01:19,Website Review,Smartphone X1,Product Quality,4
FB00272,Five stars! Professional service and excellent product quality. The performance is particularly impressive.,2025-09-24 07:31:19,Website Review,Laptop Pro 15,Electronics,4
FB00141,Wonderful experience! The product arrived on time and works great.,2025-09-24 10:18:19,Survey,Fitness Tracker,Product Quality,5
FB00023,The product works perfectly. Exactly what I was looking for.,2025-09-24 10:39:19,Twitter,Fitness Tracker,Product Quality,5
FB00413,Very poor customer service experience. Nobody seems to care.,2025-09-24 12:47:19,Email,Wireless Headphones,Electronics,2
FB00442,"The product is adequate for my needs, though not perfect.",2025-09-24 16:48:19,Website Review,Bluetooth Speaker,Customer Service,3
FB00500,Neither impressed nor disappointed. It's just okay.,2025-09-25 00:48:19,Mobile App,Tablet Ultra,Delivery,3
FB00070,Superb product! My whole family loves it. Thank you!,2025-09-25 04:17:19,Website Review,Bluetooth Speaker,User Experience,5
FB00409,Poor design and functionality. Very frustrating to use.,2025-09-25 05:06:19,Email,Gaming Console,User Experience,2
FB00008,Outstanding quality and fast delivery. Very satisfied with my purchase. The quality is particularly impressive.,2025-09-25 06:37:19,Twitter,Smart Watch,Electronics,5
FB00451,It's a decent option. Not the best but not the worst either.,2025-09-25 13:15:19,Facebook,Smart Watch,Customer Service,3
FB00463,Reasonable product. Has both strengths and weaknesses.,2025-09-26 04:29:19,Mobile App,Digital Camera,Electronics,3
FB00062,Best purchase I've made this year. Highly recommend to everyone!,2025-09-26 13:36:19,Facebook,Smart Watch,Customer Service,4
FB00233,Absolutely delighted with this product. Exceeded all my expectations.,2025-09-26 14:26:19,Email,Smartphone X1,Customer Service,4
FB00262,Love this product! It has made my life so much easier. The design is particularly impressive.,2025-09-26 17:05:19,Survey,Smartphone X1,User Experience,5
FB00020,Great value for money. The features are impressive and easy to use.,2025-09-27 01:50:19,Mobile App,Smartphone X1,Customer Service,4
FB00367,Completely dissatisfied. The product is defective and support is unhelpful.,2025-09-27 19:42:19,Twitter,Smartphone X1,Electronics,2
FB00366,Poor quality materials. Feels cheap and flimsy.,2025-09-28 00:36:19,Mobile App,Fitness Tracker,Delivery,2
FB00333,Awful! The product stopped working after a few days.,2025-09-28 07:09:19,Twitter,Smart Watch,User Experience,1
FB00298,Phenomenal experience from start to finish. Will definitely buy again.,2025-09-28 10:57:19,Survey,Gaming Console,Electronics,4
FB00261,Brilliant purchase. The attention to detail is remarkable.,2025-09-29 00:28:19,Email,4K TV,Delivery,5
FB00231,Phenomenal experience from start to finish. Will definitely buy again. The performance is particularly impressive.,2025-09-29 02:05:19,Facebook,Smart Watch,Product Quality,4
FB00211,Top-notch quality and excellent customer support throughout.,2025-09-29 04:03:19,Facebook,Fitness Tracker,Delivery,5
FB00163,Brilliant purchase. The attention to detail is remarkable.,2025-09-29 07:59:19,Mobile App,Wireless Headphones,Electronics,5
FB00063,Best in class! This product is simply outstanding.,2025-09-29 16:44:19,Survey,Fitness Tracker,Electronics,4
FB00106,Best in class! This product is simply outstanding.,2025-09-30 01:25:19,Email,Tablet Ultra,Delivery,5
FB00164,Incredible! This has transformed my daily routine completely. The quality is particularly impressive.,2025-09-30 02:50:19,Mobile App,Gaming Console,User Experience,4
FB00015,Fantastic! The user interface is intuitive and the performance is great.,2025-09-30 06:15:19,Twitter,Smartphone X1,Product Quality,5
FB00485,Fair quality. It meets basic expectations but nothing more.,2025-09-30 08:54:19,Survey,Tablet Ultra,User Experience,3
FB00499,Reasonable product. Has both strengths and weaknesses.,2025-09-30 11:41:19,Twitter,Gaming Console,Product Quality,3
FB00061,Love this product! It has made my life so much easier.,2025-09-30 12:26:19,Survey,4K TV,Product Quality,5
FB00496,Average overall. The product works but isn't exceptional.,2025-09-30 23:09:19,Email,Bluetooth Speaker,Customer Service,3
FB00288,Five stars! Professional service and excellent product quality.,2025-10-01 11:54:19,Facebook,4K TV,Delivery,4
FB00449,"It's an okay product. Some features are good, others need work.",2025-10-01 20:06:19,Website Review,Wireless Headphones,Delivery,3
FB00204,Really impressed with the durability and design. Worth every penny.,2025-10-02 06:44:19,Email,Gaming Console,User Experience,5
FB00039,Wonderful experience! The product arrived on time and works great.,2025-10-02 12:08:19,Email,Fitness Tracker,Electronics,5
FB00028,Amazing customer service. The team was very helpful and responsive.,2025-10-02 13:34:19,Twitter,Laptop Pro 15,Delivery,5
FB00074,Top-notch quality and excellent customer support throughout. The features is particularly impressive.,2025-10-02 19:42:19,Website Review,Tablet Ultra,Delivery,4
FB00193,Phenomenal experience from start to finish. Will definitely buy again.,2025-10-03 01:28:19,Mobile App,Wireless Headphones,Product Quality,5
FB00342,Not as described. The features don't work properly. The quality is really disappointing.,2025-10-03 03:08:19,Facebook,Gaming Console,User Experience,2
FB00071,Fantastic! The user interface is intuitive and the performance is great.,2025-10-03 07:08:19,Twitter,Smartphone X1,User Experience,4
FB00346,Very poor customer service experience. Nobody seems to care.,2025-10-03 09:42:19,Email,Digital Camera,Customer Service,2
FB00452,It's a decent option. Not the best but not the worst either.,2025-10-03 11:37:19,Website Review,Smartphone X1,Electronics,3
FB00440,The product is functional but lacks some features I expected.,2025-10-03 16:13:19,Website Review,Smartphone X1,User Experience,3
FB00314,Poor quality materials. Feels cheap and flimsy. The quality is really disappointing.,2025-10-03 19:21:19,Mobile App,Smart Watch,User Experience,1
FB00462,Fair performance. It does what it claims but feels average.,2025-10-04 00:34:19,Twitter,Fitness Tracker,Delivery,3
FB00133,Phenomenal experience from start to finish. Will definitely buy again.,2025-10-04 04:24:19,Twitter,Laptop Pro 15,Electronics,5
FB00069,Five stars! Professional service and excellent product quality.,2025-10-04 05:40:19,Email,Fitness Tracker,Delivery,4
FB00093,Great value for money. The features are impressive and easy to use.,2025-10-04 09:04:19,Survey,4K TV,Product Quality,4
FB00478,It's a decent option. Not the best but not the worst either.,2025-10-04 09:19:19,Facebook,Smart Watch,Customer Service,3
FB00454,It's a decent option. Not the best but not the worst either.,2025-10-04 15:45:19,Email,Digital Camera,User Experience,3
FB00370,Worst purchase ever. Would not recommend to anyone. The quality is really disappointing.,2025-10-04 18:29:19,Mobile App,Smart Watch,User Experience,2
FB00130,Really impressed with the durability and design. Worth every penny.,2025-10-04 23:31:19,Mobile App,Gaming Console,Electronics,4
FB00467,Average overall. The product works but isn't exceptional.,2025-10-05 03:21:19,Twitter,Wireless Headphones,User Experience,3
FB00484,"Standard quality. Nothing to complain about, nothing to praise.",2025-10-05 17:27:19,Twitter,Laptop Pro 15,Product Quality,3
FB00136,The product works perfectly. Exactly what I was looking for.,2025-10-05 17:36:19,Mobile App,Smart Watch,User Experience,4
FB00138,The product works perfectly. Exactly what I was looking for.,2025-10-05 17:47:19,Facebook,Tablet Ultra,Customer Service,5
FB00406,Disappointed with the build quality. Expected much better.,2025-10-05 19:55:19,Survey,Gaming Console,Electronics,1
FB00129,The product works perfectly. Exactly what I was looking for.,2025-10-06 11:17:19,Facebook,Bluetooth Speaker,Electronics,4
FB00493,Moderate quality. Works as expected but could improve.,2025-10-06 12:21:19,Website Review,Digital Camera,Product Quality,3
FB00086,Great value for money. The features are impressive and easy to use.,2025-10-06 16:12:19,Facebook,Smart Watch,Customer Service,4
FB00410,Very poor customer service experience. Nobody seems to care.,2025-10-06 16:28:19,Twitter,4K TV,Customer Service,1
FB00031,Absolutely delighted with this product. Exceeded all my expectations.,2025-10-06 16:43:19,Twitter,Wireless Headphones,Product Quality,5
FB00168,Five stars! Professional service and excellent product quality.,2025-10-06 20:40:19,Facebook,Tablet Ultra,Electronics,5
FB00083,Amazing customer service. The team was very helpful and responsive.,2025-10-06 22:18:19,Website Review,Laptop Pro 15,Customer Service,4
FB00281,Wonderful experience! The product arrived on time and works great. The features is particularly impressive.,2025-10-07 01:33:19,Survey,Laptop Pro 15,Delivery,5
FB00426,Fair quality. It meets basic expectations but nothing more.,2025-10-07 02:16:19,Facebook,Smart Watch,Delivery,3
FB00465,Average overall. The product works but isn't exceptional.,2025-10-07 04:30:19,Website Review,Laptop Pro 15,Product Quality,3
FB00120,Top-notch quality and excellent customer support throughout.,2025-10-07 04:34:19,Facebook,Smart Watch,Delivery,5
FB00374,The product is unreliable and customer support is terrible.,2025-10-07 06:06:19,Twitter,Tablet Ultra,Electronics,1
FB00191,Exceptional value and quality. Highly recommended! The features is particularly impressive.,2025-10-07 10:37:19,Email,Smartphone X1,User Experience,5
FB00126,Excellent product! Exceeded my expectations. The quality is outstanding.,2025-10-07 10:37:19,Website Review,Gaming Console,Electronics,5
FB00076,Brilliant purchase. The attention to detail is remarkable. The design is particularly impressive.,2025-10-07 21:28:19,Survey,Laptop Pro 15,User Experience,4
FB00179,Brilliant purchase. The attention to detail is remarkable.,2025-10-08 01:40:19,Email,Digital Camera,Delivery,5
FB00310,Product broke after just one week. Complete waste of money.,2025-10-08 11:14:19,Mobile App,Fitness Tracker,Electronics,1
FB00159,Five stars! Professional service and excellent product quality. The features is particularly impressive.,2025-10-08 19:01:19,Website Review,4K TV,Electronics,5
FB00011,Outstanding quality and fast delivery. Very satisfied with my purchase. The features is particularly impressive.,2025-10-08 22:33:19,Email,Smart Watch,User Experience,4
FB00425,Terrible! It broke within the first month of use.,2025-10-09 02:57:19,Mobile App,Wireless Headphones,Customer Service,2
FB00044,Outstanding quality and fast delivery. Very satisfied with my purchase.,2025-10-09 13:23:19,Mobile App,Tablet Ultra,Delivery,4
FB00265,Absolutely delighted with this product. Exceeded all my expectations.,2025-10-09 19:18:19,Survey,Fitness Tracker,Product Quality,4
FB00393,Bad experience overall. Would like a refund.,2025-10-10 04:21:19,Survey,Smart Watch,Electronics,1
FB00021,Excellent product! Exceeded my expectations. The quality is outstanding.,2025-10-10 05:57:19,Email,Digital Camera,Electronics,4
FB00340,Unacceptable quality. The product feels like a cheap knockoff.,2025-10-10 06:02:19,Twitter,Wireless Headphones,Customer Service,1
FB00104,Best in class! This product is simply outstanding.,2025-10-10 13:42:19,Email,Laptop Pro 15,Delivery,5
FB00453,Fair quality. It meets basic expectations but nothing more.,2025-10-10 16:09:19,Mobile App,Digital Camera,Product Quality,3
FB00103,Incredible! This has transformed my daily routine completely. The design is particularly impressive.,2025-10-10 20:14:19,Email,Digital Camera,Electronics,4
FB00213,Absolutely delighted with this product. Exceeded all my expectations.,2025-10-10 21:30:19,Survey,Gaming Console,Product Quality,5
FB00388,Very unhappy with this purchase. Total disappointment. The value is really disappointing.,2025-10-11 00:27:19,Twitter,Digital Camera,Product Quality,1
FB00144,The product works perfectly. Exactly what I was looking for.,2025-10-11 01:51:19,Twitter,4K TV,Customer Service,5
FB00099,Amazing customer service. The team was very helpful and responsive. The performance is particularly impressive.,2025-10-11 03:19:19,Email,Smartphone X1,Delivery,4
FB00154,Excellent product! Exceeded my expectations. The quality is outstanding. The quality is particularly impressive.,2025-10-11 07:32:19,Twitter,Wireless Headphones,Delivery,4
FB00312,Worst purchase ever. Would not recommend to anyone.,2025-10-11 10:46:19,Mobile App,4K TV,Product Quality,1
FB00445,"Mixed feelings about this purchase. Some good, some bad aspects.",2025-10-11 14:40:19,Twitter,Tablet Ultra,Customer Service,3
FB00170,Incredible! This has transformed my daily routine completely.,2025-10-11 16:54:19,Mobile App,Smart Watch,Customer Service,4
FB00056,Top-notch quality and excellent customer support throughout.,2025-10-11 19:37:19,Twitter,Fitness Tracker,Electronics,4
FB00257,Incredible! This has transformed my daily routine completely. The quality is particularly impressive.,2025-10-11 21:32:19,Survey,Gaming Console,Delivery,4
FB00018,Wonderful experience! The product arrived on time and works great.,2025-10-11 22:12:19,Email,Tablet Ultra,User Experience,4
FB00098,Brilliant purchase. The attention to detail is remarkable.,2025-10-12 06:04:19,Facebook,Digital Camera,Electronics,5
FB00446,Fair performance. It does what it claims but feels average.,2025-10-12 10:05:19,Survey,Smart Watch,Electronics,3
FB00188,Best in class! This product is simply outstanding.,2025-10-13 11:19:19,Twitter,Laptop Pro 15,Electronics,4
FB00227,Top-notch quality and excellent customer support throughout.,2025-10-13 19:17:19,Website Review,Smartphone X1,Electronics,4
FB00209,Really impressed with the durability and design. Worth every penny. The features is particularly impressive.,2025-10-14 04:40:19,Facebook,Fitness Tracker,Customer Service,4
FB00169,Really impressed with the durability and design. Worth every penny.,2025-10-14 06:50:19,Website Review,Laptop Pro 15,User Experience,4
FB00043,Best purchase I've made this year. Highly recommend to everyone!,2025-10-14 07:15:19,Facebook,Tablet Ultra,Product Quality,4
FB00040,Incredible! This has transformed my daily routine completely.,2025-10-14 11:44:19,Twitter,4K TV,Product Quality,4
FB00476,The product is okay. Nothing special but does the job.,2025-10-14 13:34:19,Email,Laptop Pro 15,Delivery,3
FB00377,Terrible customer service. Nobody responds to my queries.,2025-10-14 14:38:19,Facebook,Laptop Pro 15,Delivery,2
FB00051,Brilliant purchase. The attention to detail is remarkable. The features is particularly impressive.,2025-10-14 22:47:19,Facebook,Tablet Ultra,User Experience,4
FB00444,"Standard quality. Nothing to complain about, nothing to praise.",2025-10-14 23:28:19,Website Review,Smart Watch,User Experience,3
FB00380,Very unhappy with this purchase. Total disappointment.,2025-10-15 02:54:19,Email,Gaming Console,Customer Service,1
FB00472,Fair performance. It does what it claims but feels average.,2025-10-15 11:46:19,Survey,Bluetooth Speaker,Electronics,3
FB00101,Really impressed with the durability and design. Worth every penny.,2025-10-15 14:02:19,Facebook,Fitness Tracker,User Experience,5
FB00352,Completely dissatisfied. The product is defective and support is unhelpful.,2025-10-15 14:58:19,Email,Digital Camera,Product Quality,2
FB00034,Perfect for my needs. I couldn't be happier with this purchase.,2025-10-15 15:54:19,Website Review,Laptop Pro 15,Electronics,5
FB00184,Best in class! This product is simply outstanding.,2025-10-15 18:44:19,Survey,Digital Camera,Electronics,4
FB00005,Absolutely delighted with this product. Exceeded all my expectations.,2025-10-15 19:29:19,Website Review,Smartphone X1,Delivery,4
FB00300,Best in class! This product is simply outstanding.,2025-10-16 04:30:19,Email,4K TV,User Experience,4
FB00072,Love this product! It has made my life so much easier.,2025-10-16 09:37:19,Email,Smart Watch,Electronics,4
FB00401,Awful! The product stopped working after a few days.,2025-10-16 09:57:19,Facebook,Bluetooth Speaker,Customer Service,2
FB00359,Terrible customer service. Nobody responds to my queries.,2025-10-16 16:08:19,Survey,Smart Watch,Product Quality,1
FB00181,Perfect for my needs. I couldn't be happier with this purchase. The performance is particularly impressive.,2025-10-16 16:57:19,Twitter,Wireless Headphones,User Experience,4
FB00373,The product is unreliable and customer support is terrible.,2025-10-16 18:58:19,Website Review,Gaming Console,Delivery,1
FB00219,Top-notch quality and excellent customer support throughout.,2025-10-16 23:57:19,Website Review,Tablet Ultra,User Experience,4
FB00235,Absolutely delighted with this product. Exceeded all my expectations.,2025-10-17 03:58:19,Twitter,Bluetooth Speaker,User Experience,5
FB00294,The product works perfectly. Exactly what I was looking for.,2025-10-17 08:43:19,Survey,Wireless Headphones,Electronics,5
FB00436,It's a decent option. Not the best but not the worst either.,2025-10-17 16:10:19,Facebook,4K TV,User Experience,3
FB00255,Superb product! My whole family loves it. Thank you!,2025-10-17 21:22:19,Twitter,4K TV,Customer Service,5
FB00068,Fantastic! The user interface is intuitive and the performance is great. The performance is particularly impressive.,2025-10-18 06:32:19,Facebook,Bluetooth Speaker,Customer Service,5
FB00216,Love this product! It has made my life so much easier. The performance is particularly impressive.,2025-10-18 15:33:19,Facebook,Gaming Console,Product Quality,5
FB00327,Cheap materials and poor construction. Not recommended.,2025-10-18 17:27:19,Website Review,Bluetooth Speaker,User Experience,2
FB00421,Very unhappy with this purchase. Total disappointment. The quality is really disappointing.,2025-10-18 19:09:19,Email,Gaming Console,Electronics,2
FB00350,Completely dissatisfied. The product is defective and support is unhelpful.,2025-10-18 20:04:19,Website Review,Smartphone X1,Product Quality,2
FB00088,Incredible! This has transformed my daily routine completely. The design is particularly impressive.,2025-10-19 02:39:19,Mobile App,Gaming Console,Electronics,4
FB00329,Product arrived damaged and customer service was unresponsive.,2025-10-19 09:05:19,Mobile App,Tablet Ultra,Customer Service,1
FB00050,Great value for money. The features are impressive and easy to use.,2025-10-19 16:40:19,Survey,Gaming Console,Product Quality,4
FB00469,It's alright. Not great but not terrible either.,2025-10-19 16:55:19,Twitter,Bluetooth Speaker,Product Quality,3
FB00156,Outstanding quality and fast delivery. Very satisfied with my purchase. The features is particularly impressive.,2025-10-19 18:57:19,Survey,Laptop Pro 15,Customer Service,5
FB00414,Cheap materials and poor construction. Not recommended. The durability is really disappointing.,2025-10-19 22:05:19,Website Review,Laptop Pro 15,Electronics,2
FB00280,Great value for money. The features are impressive and easy to use.,2025-10-20 09:13:19,Mobile App,Smart Watch,Product Quality,5
FB00172,Love this product! It has made my life so much easier.,2025-10-20 10:27:19,Twitter,Smart Watch,Product Quality,4
FB00424,Very unhappy with this purchase. Total disappointment. The quality is really disappointing.,2025-10-20 11:56:19,Email,Bluetooth Speaker,Electronics,1
FB00207,Wonderful experience! The product arrived on time and works great. The performance is particularly impressive.,2025-10-20 21:49:19,Facebook,Bluetooth Speaker,User Experience,4
FB00360,Terrible customer service. Nobody responds to my queries.,2025-10-21 04:31:19,Email,4K TV,User Experience,1
FB00384,Awful! The product stopped working after a few days. The value is really disappointing.,2025-10-21 04:35:19,Email,Wireless Headphones,Product Quality,2
FB00258,Absolutely delighted with this product. Exceeded all my expectations.,2025-10-21 09:29:19,Survey,Smart Watch,Electronics,5
FB00048,The product works perfectly. Exactly what I was looking for.,2025-10-21 13:41:19,Email,4K TV,Customer Service,5
FB00037,Superb product! My whole family loves it. Thank you!,2025-10-21 21:20:19,Facebook,Gaming Console,User Experience,5
FB00389,Bad experience overall. Would like a refund. The quality is really disappointing.,2025-10-21 22:13:19,Survey,Fitness Tracker,Delivery,2
FB00289,Incredible! This has transformed my daily routine completely.,2025-10-22 00:32:19,Twitter,Fitness Tracker,Product Quality,4
FB00187,Excellent product! Exceeded my expectations. The quality is outstanding.,2025-10-22 03:23:19,Survey,Tablet Ultra,Product Quality,4
FB00003,Superb product! My whole family loves it. Thank you!,2025-10-22 04:02:19,Mobile App,Digital Camera,User Experience,5
FB00482,Average quality. It works but could be better.,2025-10-22 06:53:19,Website Review,Smart Watch,Customer Service,3
FB00116,Love this product! It has made my life so much easier.,2025-10-22 09:46:19,Twitter,Digital Camera,Delivery,5
FB00195,Exceptional value and quality. Highly recommended!,2025-10-23 21:36:19,Twitter,Gaming Console,Customer Service,5
FB00317,Not as described. The features don't work properly. The quality is really disappointing.,2025-10-23 22:56:19,Twitter,Smart Watch,User Experience,2
FB00232,Exceptional value and quality. Highly recommended!,2025-10-24 10:58:19,Twitter,Smartphone X1,Product Quality,5
FB00494,The product is acceptable. Does what it's supposed to do.,2025-10-24 14:47:19,Twitter,4K TV,User Experience,3
FB00032,Five stars! Professional service and excellent product quality.,2025-10-24 22:43:19,Mobile App,Fitness Tracker,Delivery,5
FB00285,Brilliant purchase. The attention to detail is remarkable.,2025-10-24 23:37:19,Facebook,Gaming Console,Customer Service,4
FB00178,Top-notch quality and excellent customer support throughout.,2025-10-25 00:18:19,Website Review,4K TV,User Experience,5
FB00396,Disappointed with the build quality. Expected much better.,2025-10-25 03:46:19,Mobile App,Digital Camera,Electronics,2
FB00224,Five stars! Professional service and excellent product quality.,2025-10-25 11:01:19,Website Review,Tablet Ultra,User Experience,5
FB00146,Amazing customer service. The team was very helpful and responsive.,2025-10-25 18:09:19,Website Review,Laptop Pro 15,Electronics,4
FB00148,Phenomenal experience from start to finish. Will definitely buy again. The quality is particularly impressive.,2025-10-26 10:40:19,Website Review,Gaming Console,Electronics,5
FB00006,Perfect for my needs. I couldn't be happier with this purchase. The design is particularly impressive.,2025-10-26 12:17:19,Website Review,Smart Watch,Product Quality,4
FB00025,Superb product! My whole family loves it. Thank you! The features is particularly impressive.,2025-10-26 12:40:19,Email,Smartphone X1,Delivery,5
FB00489,The product is functional but lacks some features I expected.,2025-10-26 13:55:19,Mobile App,4K TV,Electronics,3
FB00429,Decent product for the price. Has some pros and cons.,2025-10-27 04:49:19,Twitter,Smart Watch,Electronics,3
FB00094,Superb product! My whole family loves it. Thank you! The design is particularly impressive.,2025-10-27 05:12:19,Mobile App,Fitness Tracker,User Experience,4
FB00203,Top-notch quality and excellent customer support throughout. The design is particularly impressive.,2025-10-27 07:35:19,Survey,Smartphone X1,Product Quality,4
FB00427,Reasonable product. Has both strengths and weaknesses.,2025-10-27 08:24:19,Mobile App,Tablet Ultra,Product Quality,3
FB00226,Best in class! This product is simply outstanding.,2025-10-27 09:21:19,Facebook,4K TV,Delivery,4
FB00128,Fantastic! The user interface is intuitive and the performance is great.,2025-10-27 15:07:19,Facebook,4K TV,Delivery,4
FB00238,Exceptional value and quality. Highly recommended! The design is particularly impressive.,2025-10-27 22:56:19,Twitter,4K TV,Customer Service,5
FB00344,Terrible! It broke within the first month of use.,2025-10-27 23:59:19,Email,Laptop Pro 15,User Experience,2
FB00198,The product works perfectly. Exactly what I was looking for.,2025-10-28 05:29:19,Twitter,4K TV,Electronics,4
FB00400,Very unhappy with this purchase. Total disappointment.,2025-10-28 07:17:19,Survey,Wireless Headphones,Customer Service,2
FB00299,Top-notch quality and excellent customer support throughout.,2025-10-28 08:49:19,Facebook,Bluetooth Speaker,Product Quality,5
FB00480,The product is okay. Nothing special but does the job.,2025-10-28 13:55:19,Website Review,Tablet Ultra,Delivery,3
FB00251,Absolutely delighted with this product. Exceeded all my expectations. The performance is particularly impressive.,2025-10-28 21:28:19,Facebook,Tablet Ultra,User Experience,4
FB00498,The product is fine for basic use. Nothing extraordinary.,2025-10-29 00:11:19,Mobile App,Bluetooth Speaker,Customer Service,3
FB00199,Absolutely delighted with this product. Exceeded all my expectations.,2025-10-29 16:59:19,Survey,Laptop Pro 15,Delivery,4
FB00487,Neutral experience overall. The product serves its purpose.,2025-10-29 18:00:19,Mobile App,4K TV,User Experience,3
FB00278,Phenomenal experience from start to finish. Will definitely buy again.,2025-10-30 08:32:19,Email,4K TV,Delivery,5
FB00119,Really impressed with the durability and design. Worth every penny.,2025-10-30 17:16:19,Facebook,4K TV,User Experience,4
FB00221,Excellent product! Exceeded my expectations. The quality is outstanding.,2025-10-31 00:48:19,Facebook,Fitness Tracker,User Experience,4
FB00419,Completely dissatisfied. The product is defective and support is unhelpful.,2025-10-31 02:57:19,Email,Gaming Console,Product Quality,2
FB00405,Waste of money. The product quality is subpar. The support is really disappointing.,2025-10-31 05:46:19,Website Review,Smartphone X1,Electronics,1
FB00102,Perfect for my needs. I couldn't be happier with this purchase. The performance is particularly impressive.,2025-10-31 08:02:19,Website Review,Bluetooth Speaker,Customer Service,5
FB00325,Not as described. The features don't work properly.,2025-10-31 09:15:19,Survey,Tablet Ultra,Delivery,1
FB00142,Five stars! Professional service and excellent product quality.,2025-10-31 18:49:19,Website Review,Bluetooth Speaker,Product Quality,4
FB00118,Fantastic! The user interface is intuitive and the performance is great. The performance is particularly impressive.,2025-10-31 22:35:19,Facebook,Tablet Ultra,User Experience,5
FB00177,Excellent product! Exceeded my expectations. The quality is outstanding. The design is particularly impressive.,2025-11-01 03:09:19,Website Review,Fitness Tracker,Customer Service,5
FB00382,Waste of money. The product quality is subpar. The quality is really disappointing.,2025-11-01 05:09:19,Twitter,Wireless Headphones,Delivery,1
FB00411,Completely dissatisfied. The product is defective and support is unhelpful.,2025-11-01 06:16:19,Mobile App,Gaming Console,Delivery,2
FB00466,Neutral experience overall. The product serves its purpose.,2025-11-01 12:42:19,Email,Digital Camera,Delivery,3
FB00014,Brilliant purchase. The attention to detail is remarkable. The performance is particularly impressive.,2025-11-01 17:05:19,Email,4K TV,Product Quality,5
FB00323,Poor quality materials. Feels cheap and flimsy.,2025-11-01 18:43:19,Survey,Smart Watch,Delivery,1
FB00214,Outstanding quality and fast delivery. Very satisfied with my purchase.,2025-11-02 20:42:19,Survey,Wireless Headphones,User Experience,4
FB00026,Excellent product! Exceeded my expectations. The quality is outstanding.,2025-11-02 21:13:19,Website Review,Digital Camera,Product Quality,5
FB00460,Reasonable product. Has both strengths and weaknesses.,2025-11-03 10:42:19,Facebook,Fitness Tracker,User Experience,3
FB00205,The product works perfectly. Exactly what I was looking for.,2025-11-03 15:09:19,Website Review,Tablet Ultra,Delivery,5
FB00007,Brilliant purchase. The attention to detail is remarkable. The performance is particularly impressive.,2025-11-03 17:43:19,Twitter,Smart Watch,User Experience,5
FB00084,Fantastic! The user interface is intuitive and the performance is great.,2025-11-04 00:08:19,Twitter,Digital Camera,Customer Service,5
FB00252,Best in class! This product is simply outstanding.,2025-11-04 02:18:19,Twitter,Gaming Console,Customer Service,4
FB00339,Worst purchase ever. Would not recommend to anyone. The value is really disappointing.,2025-11-04 02:22:19,Mobile App,Gaming Console,Customer Service,2
FB00437,Fair quality. It meets basic expectations but nothing more.,2025-11-04 02:36:19,Survey,Tablet Ultra,User Experience,3
FB00372,Product arrived damaged and customer service was unresponsive.,2025-11-04 03:07:19,Survey,4K TV,Product Quality,1
FB00332,Not as described. The features don't work properly.,2025-11-04 10:33:19,Email,Smartphone X1,Product Quality,1
FB00390,Waste of money. The product quality is subpar.,2025-11-04 12:15:19,Website Review,Wireless Headphones,Customer Service,1
FB00058,Incredible! This has transformed my daily routine completely.,2025-11-04 22:49:19,Mobile App,Laptop Pro 15,Electronics,4
FB00477,"Standard quality. Nothing to complain about, nothing to praise.",2025-11-05 01:36:19,Survey,Smart Watch,Delivery,3
FB00248,Love this product! It has made my life so much easier. The performance is particularly impressive.,2025-11-05 01:36:19,Facebook,Fitness Tracker,Delivery,5
FB00263,Great value for money. The features are impressive and easy to use.,2025-11-05 05:06:19,Twitter,4K TV,Electronics,5
FB00162,Fantastic! The user interface is intuitive and the performance is great.,2025-11-05 07:55:19,Website Review,Laptop Pro 15,Delivery,4
FB00490,Neutral experience overall. The product serves its purpose.,2025-11-05 09:31:19,Website Review,Laptop Pro 15,Electronics,3
FB00117,Best in class! This product is simply outstanding. The performance is particularly impressive.,2025-11-05 11:02:19,Email,Smart Watch,Customer Service,4
FB00331,The product is unreliable and customer support is terrible.,2025-11-05 11:24:19,Mobile App,Tablet Ultra,User Experience,1
FB00379,Terrible! It broke within the first month of use.,2025-11-05 20:42:19,Mobile App,Digital Camera,Customer Service,1
FB00158,Amazing customer service. The team was very helpful and responsive.,2025-11-06 00:29:19,Facebook,Digital Camera,Product Quality,4
FB00397,Waste of money. The product quality is subpar.,2025-11-06 01:42:19,Website Review,Smart Watch,Delivery,2
FB00381,Not as described. The features don't work properly.,2025-11-06 02:41:19,Mobile App,Gaming Console,Product Quality,2
FB00399,Disappointed with the build quality. Expected much better. The value is really disappointing.,2025-11-06 09:40:19,Facebook,Digital Camera,Delivery,2
FB00321,Very unhappy with this purchase. Total disappointment.,2025-11-06 20:37:19,Email,Fitness Tracker,Customer Service,1
FB00416,Very unhappy with this purchase. Total disappointment. The durability is really disappointing.,2025-11-07 01:52:19,Mobile App,Fitness Tracker,Customer Service,1
FB00292,Perfect for my needs. I couldn't be happier with this purchase.,2025-11-07 06:07:19,Facebook,Tablet Ultra,Electronics,5
FB00186,Superb product! My whole family loves it. Thank you! The performance is particularly impressive.,2025-11-07 08:27:19,Mobile App,Smartphone X1,Customer Service,5
FB00279,Best in class! This product is simply outstanding. The performance is particularly impressive.,2025-11-07 10:36:19,Mobile App,Smart Watch,Customer Service,5
FB00036,Excellent product! Exceeded my expectations. The quality is outstanding.,2025-11-07 22:21:19,Survey,Digital Camera,User Experience,5
FB00345,Horrible experience. The product doesn't work as advertised.,2025-11-08 07:41:19,Mobile App,Tablet Ultra,Product Quality,2
FB00017,Top-notch quality and excellent customer support throughout.,2025-11-08 10:05:19,Website Review,Wireless Headphones,Electronics,5
FB00049,Five stars! Professional service and excellent product quality.,2025-11-08 14:55:19,Email,Bluetooth Speaker,Product Quality,5
FB00270,Top-notch quality and excellent customer support throughout.,2025-11-08 14:59:19,Mobile App,Laptop Pro 15,User Experience,4
FB00030,Brilliant purchase. The attention to detail is remarkable.,2025-11-08 16:53:19,Facebook,Gaming Console,Delivery,4
FB00192,Really impressed with the durability and design. Worth every penny.,2025-11-09 01:53:19,Email,Fitness Tracker,Product Quality,5
FB00042,Perfect for my needs. I couldn't be happier with this purchase. The performance is particularly impressive.,2025-11-09 04:08:19,Twitter,Bluetooth Speaker,Electronics,4
FB00082,Absolutely delighted with this product. Exceeded all my expectations.,2025-11-09 06:43:19,Facebook,Smart Watch,Electronics,4
FB00363,Awful! The product stopped working after a few days. The value is really disappointing.,2025-11-09 11:19:19,Website Review,Laptop Pro 15,Product Quality,1
FB00353,Product broke after just one week. Complete waste of money.,2025-11-09 12:06:19,Email,Bluetooth Speaker,Delivery,2
FB00464,The product is functional but lacks some features I expected.,2025-11-09 14:59:19,Website Review,Smart Watch,Customer Service,3
FB00171,Amazing customer service. The team was very helpful and responsive.,2025-11-09 15:10:19,Website Review,Gaming Console,Product Quality,4
FB00395,Very poor customer service experience. Nobody seems to care. The durability is really disappointing.,2025-11-09 16:37:19,Survey,4K TV,Electronics,1
FB00475,The product is functional but lacks some features I expected.,2025-11-09 21:25:19,Website Review,Gaming Console,Delivery,3
FB00055,Superb product! My whole family loves it. Thank you!,2025-11-09 22:06:19,Twitter,Fitness Tracker,User Experience,4
FB00109,Best purchase I've made this year. Highly recommend to everyone!,2025-11-10 03:00:19,Email,Digital Camera,Product Quality,5
FB00016,Best purchase I've made this year. Highly recommend to everyone! The performance is particularly impressive.,2025-11-10 16:43:19,Mobile App,Bluetooth Speaker,User Experience,4
FB00369,Very disappointed with the quality. Not worth the price at all. The durability is really disappointing.,2025-11-10 18:35:19,Twitter,Smart Watch,Customer Service,1
FB00474,The product is fine for basic use. Nothing extraordinary.,2025-11-11 06:59:19,Twitter,Wireless Headphones,Delivery,3
FB00318,The product is unreliable and customer support is terrible.,2025-11-11 15:02:19,Facebook,Tablet Ultra,Delivery,1
FB00253,Phenomenal experience from start to finish. Will definitely buy again. The quality is particularly impressive.,2025-11-11 17:11:19,Facebook,Smartphone X1,Delivery,4
FB00404,The product is unreliable and customer support is terrible.,2025-11-12 08:22:19,Twitter,Fitness Tracker,Customer Service,2
FB00176,Love this product! It has made my life so much easier. The quality is particularly impressive.,2025-11-12 18:01:19,Survey,Laptop Pro 15,Delivery,4
FB00276,Wonderful experience! The product arrived on time and works great.,2025-11-12 18:18:19,Facebook,Gaming Console,Customer Service,4
FB00090,Wonderful experience! The product arrived on time and works great. The performance is particularly impressive.,2025-11-12 19:15:19,Email,Smart Watch,Product Quality,4
FB00215,Best purchase I've made this year. Highly recommend to everyone! The design is particularly impressive.,2025-11-12 20:24:19,Email,Bluetooth Speaker,Delivery,5
FB00180,Love this product! It has made my life so much easier. The design is particularly impressive.,2025-11-12 23:51:19,Survey,Digital Camera,Product Quality,4
FB00041,Love this product! It has made my life so much easier.,2025-11-13 00:21:19,Survey,Wireless Headphones,Electronics,4
FB00095,Incredible! This has transformed my daily routine completely. The features is particularly impressive.,2025-11-13 04:24:19,Twitter,Laptop Pro 15,Delivery,4
FB00468,"Standard quality. Nothing to complain about, nothing to praise.",2025-11-13 05:10:19,Survey,4K TV,Delivery,3
FB00010,Outstanding quality and fast delivery. Very satisfied with my purchase.,2025-11-13 07:09:19,Facebook,Laptop Pro 15,User Experience,4
FB00385,Disappointed with the build quality. Expected much better. The value is really disappointing.,2025-11-13 08:20:19,Twitter,Smart Watch,Customer Service,2
FB00152,Best in class! This product is simply outstanding.,2025-11-13 09:08:19,Website Review,Laptop Pro 15,User Experience,4
FB00486,Average customer service. Got the job done eventually.,2025-11-13 13:15:19,Website Review,Wireless Headphones,Electronics,3
FB00368,Product arrived damaged and customer service was unresponsive.,2025-11-13 14:17:19,Mobile App,Wireless Headphones,Product Quality,1
FB00149,Five stars! Professional service and excellent product quality. The quality is particularly impressive.,2025-09-11 18:22:19,Survey,Gaming Console,User Experience,4
FB00237,Best in class! This product is simply outstanding.,2025-08-17 20:52:19,Mobile App,Laptop Pro 15,Customer Service,5
FB00296,Great value for money. The features are impressive and easy to use. The features is particularly impressive.,2025-09-23 18:12:19,Twitter,Smartphone X1,User Experience,5
FB00407,Poor design and functionality. Very frustrating to use.,2025-08-15 07:30:19,Twitter,Fitness Tracker,User Experience,1
FB00498,The product is fine for basic use. Nothing extraordinary.,2025-10-29 00:11:19,Mobile App,Bluetooth Speaker,Customer Service,3
FB00024,Absolutely delighted with this product. Exceeded all my expectations. The features is particularly impressive.,2025-09-09 05:39:19,Facebook,Smartphone X1,Electronics,4
FB00105,Best purchase I've made this year. Highly recommend to everyone!,2025-08-19 21:29:19,Email,Bluetooth Speaker,Electronics,5
FB00241,Great value for money. The features are impressive and easy to use. The quality is particularly impressive.,2025-08-25 17:29:19,Website Review,Tablet Ultra,Customer Service,5
FB00338,Poor design and functionality. Very frustrating to use. The durability is really disappointing.,2025-08-21 05:59:19,Twitter,Smart Watch,Product Quality,2
FB00133,Phenomenal experience from start to finish. Will definitely buy again.,2025-10-04 04:24:19,Twitter,Laptop Pro 15,Electronics,5
FB00075,Really impressed with the durability and design. Worth every penny.,2025-08-19 07:21:19,Twitter,Gaming Console,Delivery,5
FB00233,Absolutely delighted with this product. Exceeded all my expectations.,2025-09-26 14:26:19,Email,Smartphone X1,Customer Service,4
FB00501,good,2025-09-22 18:30:19,Website Review,Digital Camera,Electronics,1
FB00502,test,2025-08-22 20:42:19,Mobile App,Wireless Headphones,Electronics,4
FB00503,good,2025-09-22 16:18:19,Twitter,Fitness Tracker,Electronics,2
FB00504,n/a,2025-08-26 23:21:19,Survey,Wireless Headphones,Electronics,2
FB00505,,2025-08-28 00:50:19,Facebook,Gaming Console,Electronics,5
FB00506,good,2025-09-28 07:09:19,Twitter,Smart Watch,User Experience,1
FB00507,n/a,2025-10-11 19:37:19,Twitter,Fitness Tracker,Electronics,4
FB00508,n/a,2025-11-09 04:08:19,Twitter,Bluetooth Speaker,Electronics,4
FB00509,n/a,2025-09-23 11:12:19,Facebook,Smartphone X1,User Experience,2
FB00510,bad,2025-11-07 22:21:19,Survey,Digital Camera,User Experience,5
FB00511,n/a,2025-09-03 16:17:19,Twitter,Tablet Ultra,Customer Service,4
FB00512,,2025-08-22 13:41:19,Mobile App,4K TV,Electronics,5
